{"cameraMode":{"drawMode":0,"name":"Shaded","section":"Shading Mode"},"sceneLighting":true,"audioPlay":false,"sceneViewState":{"m_AlwaysRefresh":false,"showFog":true,"showSkybox":true,"showFlares":true,"showImageEffects":true,"showParticleSystems":true,"showVisualEffectGraphs":true,"m_FxEnabled":true},"in2DMode":false,"pivot":{"x":-14.906196594238282,"y":1.2784428596496583,"z":22.87091636657715},"rotation":{"x":0.040013380348682407,"y":0.9562594294548035,"z":-0.1571655571460724,"w":0.24345602095127107},"size":7.237447261810303,"orthographic":false}