{"cameraMode":{"drawMode":0,"name":"Shaded","section":"Shading Mode"},"sceneLighting":true,"audioPlay":false,"sceneViewState":{"m_AlwaysRefresh":false,"showFog":true,"showSkybox":true,"showFlares":true,"showImageEffects":true,"showParticleSystems":true,"showVisualEffectGraphs":true,"m_FxEnabled":true},"in2DMode":false,"pivot":{"x":-6.954511642456055,"y":-16.91741943359375,"z":30.966903686523439},"rotation":{"x":-0.33617693185806277,"y":-0.01498133223503828,"z":0.005347508005797863,"w":-0.9416701197624207},"size":43.761322021484378,"orthographic":false}