{"cameraMode":{"drawMode":0,"name":"Shaded","section":"Shading Mode"},"sceneLighting":false,"audioPlay":false,"sceneViewState":{"m_AlwaysRefresh":false,"showFog":true,"showSkybox":false,"showFlares":true,"showImageEffects":true,"showParticleSystems":true,"showVisualEffectGraphs":true,"m_FxEnabled":true},"in2DMode":false,"pivot":{"x":-0.47449052333831789,"y":0.38790640234947207,"z":0.13241982460021974},"rotation":{"x":0.03880747780203819,"y":0.54985111951828,"z":-0.025586441159248353,"w":0.8339690566062927},"size":3.540356159210205,"orthographic":true}