{"cameraMode":{"drawMode":0,"name":"Shaded","section":"Shading Mode"},"sceneLighting":false,"audioPlay":false,"sceneViewState":{"m_AlwaysRefresh":false,"showFog":true,"showSkybox":false,"showFlares":true,"showImageEffects":true,"showParticleSystems":true,"showVisualEffectGraphs":true,"m_FxEnabled":true},"in2DMode":false,"pivot":{"x":-1.7171690464019776,"y":1.8465890884399415,"z":4.4489850997924809},"rotation":{"x":0.0007451900746673346,"y":-0.8678689002990723,"z":0.0013018014142289758,"w":0.4967913329601288},"size":2.3182942867279054,"orthographic":true}