{"cameraMode":{"drawMode":0,"name":"Shaded","section":"Shading Mode"},"sceneLighting":false,"audioPlay":false,"sceneViewState":{"m_AlwaysRefresh":false,"showFog":true,"showSkybox":false,"showFlares":true,"showImageEffects":true,"showParticleSystems":true,"showVisualEffectGraphs":true,"m_FxEnabled":true},"in2DMode":false,"pivot":{"x":-1.7171690464019776,"y":1.8465890884399415,"z":4.4489850997924809},"rotation":{"x":0.056882862001657489,"y":-0.8917542695999146,"z":0.11703915148973465,"w":0.43340712785720827},"size":3.1548779010772707,"orthographic":true}