{"cameraMode":{"drawMode":0,"name":"Shaded","section":"Shading Mode"},"sceneLighting":false,"audioPlay":false,"sceneViewState":{"m_AlwaysRefresh":false,"showFog":true,"showSkybox":false,"showFlares":true,"showImageEffects":true,"showParticleSystems":true,"showVisualEffectGraphs":true,"m_FxEnabled":true},"in2DMode":false,"pivot":{"x":-0.008813798427581787,"y":0.3237062096595764,"z":0.010448738932609558},"rotation":{"x":-0.0515967458486557,"y":0.9258086681365967,"z":-0.1370837241411209,"w":-0.3484763503074646},"size":1.2067748308181763,"orthographic":true}