{"cameraMode":{"drawMode":0,"name":"Shaded","section":"Shading Mode"},"sceneLighting":false,"audioPlay":false,"sceneViewState":{"m_AlwaysRefresh":false,"showFog":true,"showSkybox":false,"showFlares":true,"showImageEffects":true,"showParticleSystems":true,"showVisualEffectGraphs":true,"m_FxEnabled":true},"in2DMode":false,"pivot":{"x":-0.008813858032226563,"y":1.8440519571304322,"z":0.010448828339576722},"rotation":{"x":-0.18678255379199983,"y":0.32761096954345705,"z":-0.06624167412519455,"w":-0.9238008856773377},"size":2.4366812705993654,"orthographic":true}